"Name","Team","PA","Events","EV","maxEV","LA","Barrels","Barrel%","HardHit","HardHit%","AVG","xBA","SLG","xSLG","wOBA","xwOBA","playerid"
"Aaron Judge","NYY","633","397","95.8","119.0","11.6","70","17.6%","230","57.9%",".287",".306",".544",".591",".387",".416","15640"
"Vladimir Guerrero Jr.","TOR","698","496","95.1","117.4","9.4","75","15.1%","274","55.2%",".311",".306",".601",".591",".419",".416","19611"
"Giancarlo Stanton","NYY","579","356","95.1","122.2","10.3","56","15.7%","198","55.6%",".273",".259",".516",".494",".370",".358","4949"
"Josh Donaldson","MIN","543","351","94.1","114.7","14.6","61","17.4%","185","52.7%",".247",".268",".475",".541",".353",".387","5038"
"Fernando Tatis Jr.","SDP","546","329","93.9","116.6","13.8","70","21.3%","183","55.6%",".282",".279",".611",".618",".403",".406","19709"
"Ronald Acuna Jr.","ATL","360","217","93.8","117.9","18.2","44","20.3%","117","53.9%",".283",".294",".596",".605",".412",".427","18401"
"Shohei Ohtani","LAA","639","350","93.6","119.0","16.8","78","22.3%","187","53.4%",".257",".268",".592",".612",".393",".408","19755"
"Miguel Sano","MIN","532","288","93.4","117.1","17.6","51","17.7%","160","55.6%",".223",".215",".466",".439",".332",".322","12164"
"Yordan Alvarez","HOU","598","395","93.2","116.4","14.1","63","15.9%","214","54.2%",".277",".279",".531",".570",".369",".389","19556"
"Manny Machado","SDP","640","473","93.1","119.6","14.0","63","13.3%","246","52.0%",".278",".294",".489",".530",".350",".380","11493"
"Yasmani Grandal","CHW","375","203","93.1","112.0","14.2","27","13.3%","108","53.2%",".240",".258",".520",".506",".402",".414","11368"
"Darin Ruf","SFG","312","176","93.0","110.8","9.8","25","14.2%","96","54.5%",".271",".260",".519",".512",".384",".379","9929"
"Salvador Perez","KCR","665","454","93.0","114.4","15.9","74","16.3%","254","55.9%",".273",".276",".544",".566",".359",".372","7304"
"Tyler O'Neill","STL","537","318","93.0","113.1","17.8","57","17.9%","166","52.2%",".286",".279",".560",".583",".384",".391","15711"
"Juan Soto","WSN","654","414","93.0","116.6","5.8","55","13.3%","217","52.4%",".313",".304",".534",".544",".420",".430","20123"
"Joey Votto","CIN","533","325","92.9","114.1","18.2","56","17.2%","173","53.2%",".266",".274",".563",".592",".391",".406","4314"
"Rafael Devers","BOS","664","452","92.9","114.4","13.1","68","15.0%","233","51.5%",".279",".291",".538",".568",".373",".392","17350"
"Nelson Cruz","- - -","584","400","92.9","117.5","11.8","54","13.5%","208","52.0%",".265",".265",".497",".514",".346",".358","2434"
"Paul Goldschmidt","STL","679","472","92.6","112.2","17.1","64","13.6%","237","50.2%",".294",".293",".514",".574",".373",".396","9218"
"Josh Bell","WSN","568","400","92.5","115.8","4.9","35","8.8%","206","51.5%",".261",".277",".476",".487",".352",".366","13145"
"Bryce Harper","PHI","599","360","92.5","116.3","13.3","65","18.1%","177","49.2%",".309",".301",".615",".610",".431",".430","11579"
"Bobby Dalbec","BOS","453","262","92.4","115.6","17.3","53","20.2%","126","48.1%",".240",".236",".494",".522",".334",".344","19966"
"Brad Miller","PHI","377","219","92.4","113.9","12.9","27","12.3%","105","47.9%",".227",".247",".453",".460",".331",".345","12775"
"Kyle Schwarber","- - -","471","274","92.3","116.6","15.4","48","17.5%","143","52.2%",".266",".265",".554",".564",".392",".399","16478"
"Rowdy Tellez","- - -","325","233","92.2","114.8","13.4","27","11.6%","112","48.1%",".242",".263",".414",".468",".306",".338","15679"
"J.D. Martinez","BOS","634","426","92.1","113.2","16.9","53","12.4%","210","49.3%",".286",".288",".518",".534",".364",".374","6184"
"Alec Bohm","PHI","417","273","92.0","111.6","5.6","18","6.6%","135","49.5%",".247",".264",".342",".396",".285",".316","21618"
"Jose Abreu","CHW","659","433","92.0","115.6","10.4","44","10.2%","212","49.0%",".261",".251",".481",".455",".354",".348","15676"
"Franmil Reyes","CLE","466","272","92.0","114.9","9.7","46","16.9%","132","48.5%",".254",".244",".522",".509",".354",".350","14566"
"Teoscar Hernandez","TOR","595","404","91.8","115.7","13.1","56","13.9%","197","48.8%",".296",".282",".524",".533",".369",".367","13066"
"Willson Contreras","CHC","483","279","91.8","115.4","9.6","31","11.1%","135","48.4%",".237",".239",".438",".447",".337",".346","11609"
"Matt Olson","OAK","673","463","91.6","115.3","16.2","59","12.7%","224","48.4%",".271",".264",".540",".506",".379",".379","14344"
"Joey Gallo","- - -","616","286","91.5","115.1","22.7","53","18.5%","130","45.5%",".199",".202",".458",".464",".348",".354","14128"
"Bo Bichette","TOR","690","507","91.4","115.5","7.3","50","9.9%","241","47.5%",".298",".291",".484",".489",".354",".354","19612"
"Kyle Tucker","HOU","567","423","91.4","111.1","17.6","49","11.6%","199","47.0%",".294",".307",".557",".580",".383",".399","18345"
"Freddie Freeman","ATL","695","495","91.4","113.6","12.0","57","11.5%","226","45.7%",".300",".319",".503",".582",".379",".416","5361"
"Miguel Cabrera","DET","526","363","91.4","112.6","10.0","30","8.3%","178","49.0%",".256",".231",".386",".415",".305",".313","1744"
"Harold Ramirez","CLE","361","286","91.3","114.8","6.2","18","6.3%","134","46.9%",".268",".269",".398",".402",".302",".308","14387"
"Ji-Man Choi","TBR","305","171","91.2","112.9","14.8","16","9.4%","80","46.8%",".229",".233",".411",".420",".334",".340","5452"
"Patrick Wisdom","CHC","375","186","91.2","114.2","19.1","30","16.1%","95","51.1%",".231",".216",".518",".460",".346",".320","13602"
"Rhys Hoskins","PHI","443","283","91.2","112.2","21.7","48","17.0%","131","46.3%",".247",".249",".530",".564",".364",".377","16472"
"Max Muncy","LAD","592","378","91.2","112.3","15.2","61","16.1%","175","46.3%",".249",".271",".527",".581",".379",".406","13301"
"Ketel Marte","ARI","374","281","91.1","116.0","10.3","25","8.9%","136","48.4%",".318",".307",".532",".495",".385",".371","13613"
"Jorge Soler","- - -","602","387","91.1","117.9","15.7","48","12.4%","177","45.7%",".223",".249",".432",".493",".323",".354","14221"
"Andrew Vaughn","CHW","469","321","91.0","115.0","9.7","35","10.9%","149","46.4%",".235",".242",".396",".432",".306",".330","26197"
"Corey Seager","LAD","409","290","91.0","115.3","10.7","36","12.4%","142","49.0%",".306",".295",".521",".530",".389",".393","13624"
"Pete Alonso","NYM","637","438","91.0","118.4","14.7","65","14.8%","207","47.3%",".262",".270",".519",".541",".363",".376","19251"
"Joc Pederson","- - -","481","317","91.0","113.6","14.1","32","10.1%","151","47.6%",".238",".243",".422",".440",".315",".333","11899"
"Christian Yelich","MIL","475","289","91.0","114.9","2.8","22","7.6%","140","48.4%",".248",".254",".373",".392",".325",".338","11477"
"Adolis Garcia","TEX","622","391","91.0","112.4","14.7","45","11.5%","177","45.3%",".243",".223",".454",".426",".314",".302","19287"
"Justin Turner","LAD","612","441","90.9","109.8","19.2","35","7.9%","186","42.2%",".278",".270",".471",".469",".358",".359","5235"
"Jorge Alfaro","MIA","311","196","90.9","115.7","1.8","16","8.2%","96","49.0%",".244",".246",".342",".380",".274",".291","12180"
"Luis Torrens","SEA","378","250","90.9","109.2","6.1","26","10.4%","108","43.2%",".243",".245",".431",".427",".311",".317","15905"
"Eric Haase","DET","381","234","90.9","113.2","16.0","32","13.7%","112","47.9%",".231",".235",".459",".463",".316",".322","14111"
"Nathaniel Lowe","TEX","642","398","90.8","113.9","5.0","38","9.5%","181","45.5%",".264",".236",".415",".402",".337",".324","19566"
"Tommy Pham","SDP","561","351","90.8","112.7","7.6","35","10.0%","164","46.7%",".229",".258",".383",".442",".318",".354","2967"
"Enrique Hernandez","BOS","585","405","90.8","111.3","17.9","34","8.4%","175","43.2%",".250",".253",".449",".455",".338",".347","10472"
"Francisco Lindor","NYM","524","365","90.7","112.9","14.4","30","8.2%","161","44.1%",".230",".253",".412",".452",".317",".344","12916"
"Jed Lowrie","OAK","512","353","90.7","109.9","16.4","33","9.3%","162","45.9%",".245",".257",".398",".463",".311",".342","4418"
"Bradley Zimmer","CLE","348","181","90.7","113.9","7.0","17","9.4%","77","42.5%",".227",".224",".344",".371",".300",".316","16221"
"Anthony Santander","BAL","438","310","90.7","112.8","18.0","26","8.4%","134","43.2%",".241",".269",".433",".445",".307",".328","14551"
"Mike Zunino","TBR","375","202","90.7","117.3","23.2","49","24.3%","94","46.5%",".216",".220",".559",".535",".358",".354","13265"
"Juan Lagares","LAA","327","238","90.6","112.2","8.8","16","6.7%","102","42.9%",".236",".243",".372",".372",".274",".281","5384"
"Jesse Winker","CIN","485","348","90.6","113.4","10.8","39","11.2%","163","46.8%",".305",".295",".556",".524",".403",".389","13590"
"Trevor Story","COL","595","392","90.6","111.0","17.5","39","9.9%","167","42.6%",".251",".245",".471",".451",".341",".333","12564"
"DJ LeMahieu","NYY","679","508","90.6","110.6","5.0","19","3.7%","219","43.1%",".268",".282",".362",".395",".315",".339","9874"
"Eric Hosmer","SDP","565","413","90.5","112.5","3.3","24","5.8%","194","47.0%",".269",".267",".395",".405",".319",".325","3516"
"Ryan McMahon","COL","596","386","90.5","111.5","14.3","28","7.3%","167","43.3%",".254",".243",".449",".424",".334",".324","15112"
"Avisail Garcia","MIL","515","345","90.4","116.7","9.3","42","12.2%","159","46.1%",".262",".278",".490",".514",".346",".366","5760"
"Mookie Betts","LAD","550","385","90.3","107.9","18.9","30","7.8%","159","41.3%",".264",".262",".487",".443",".365",".356","13611"
"A.J. Pollock","LAD","422","306","90.3","111.2","12.0","34","11.1%","144","47.1%",".297",".285",".536",".501",".375",".362","9256"
"Chas McCormick","HOU","320","187","90.3","108.2","18.6","19","10.2%","91","48.7%",".257",".224",".447",".424",".327",".312","19599"
"Carlos Correa","HOU","640","445","90.2","116.4","12.1","42","9.4%","189","42.5%",".279",".296",".485",".482",".364",".373","14162"
"Jazz Chisholm Jr.","MIA","507","324","90.2","112.1","9.0","28","8.6%","135","41.7%",".248",".238",".425",".409",".312",".307","20454"
"Ke'Bryan Hayes","PIT","396","277","90.2","111.0","2.6","14","5.1%","125","45.1%",".257",".247",".373",".367",".301",".299","18577"
"Hunter Renfroe","BOS","572","397","90.1","116.4","15.6","57","14.4%","176","44.3%",".259",".259",".501",".504",".344",".353","15464"
"Justin Upton","LAA","362","215","90.1","116.5","15.6","25","11.6%","88","40.9%",".211",".224",".409",".426",".305",".319","5222"
"LaMonte Wade Jr.","SFG","381","254","90.1","109.3","19.8","27","10.6%","105","41.3%",".253",".256",".482",".475",".343",".347","18126"
"Will Smith","LAD","501","324","90.1","108.6","19.4","35","10.8%","142","43.8%",".258",".250",".495",".472",".364",".363","19197"
"Javier Baez","- - -","547","322","90.1","116.7","10.6","43","13.4%","145","45.0%",".265",".241",".494",".455",".344",".324","12979"
"Yoan Moncada","CHW","616","365","90.1","113.8","11.3","30","8.2%","148","40.5%",".263",".259",".412",".422",".347",".351","17232"
"Austin Riley","ATL","662","430","90.1","114.2","14.2","57","13.3%","196","45.6%",".303",".279",".531",".509",".379",".364","18360"
"Anthony Rizzo","- - -","576","414","90.1","115.2","14.8","32","7.7%","169","40.8%",".248",".260",".440",".433",".339",".346","3473"
"Alex Verdugo","BOS","604","453","90.0","110.8","7.7","33","7.3%","196","43.3%",".289",".285",".426",".446",".334",".342","17027"
"Jose Ramirez","CLE","636","470","90.0","112.6","18.3","52","11.1%","199","42.3%",".266",".281",".538",".505",".372",".374","13510"
"Trevor Larnach","MIN","301","158","90.0","116.0","13.1","15","9.5%","64","40.5%",".223",".209",".350",".372",".300",".304","21501"
"Victor Caratini","SDP","356","235","90.0","112.5","8.4","16","6.8%","103","43.8%",".227",".227",".323",".354",".273",".290","14968"
"David Bote","CHC","327","222","89.9","115.6","9.8","22","9.9%","97","43.7%",".199",".230",".330",".398",".268",".312","14593"
"Max Stassi","LAA","319","182","89.9","109.5","11.0","20","11.0%","77","42.3%",".241",".228",".426",".414",".327",".318","10059"
"Gregory Polanco","PIT","382","240","89.9","116.2","15.9","23","9.6%","115","47.9%",".208",".231",".354",".409",".275",".315","12907"
"Randy Arozarena","TBR","604","364","89.9","112.6","7.6","30","8.2%","153","42.0%",".274",".220",".459",".366",".350",".302","19290"
"Carlos Santana","KCR","659","468","89.9","111.2","12.9","32","6.8%","196","41.9%",".214",".244",".342",".420",".294",".334","2396"
"Hunter Dozier","KCR","543","339","89.9","113.0","15.8","30","8.8%","142","41.9%",".216",".224",".394",".388",".293",".299","15117"
"Yandy Diaz","TBR","541","384","89.9","113.5","6.6","27","7.0%","156","40.6%",".256",".254",".387",".399",".325",".332","16578"
"Yuli Gurriel","HOU","605","474","89.8","109.1","13.4","16","3.4%","196","41.4%",".319",".271",".462",".386",".363",".326","19198"
"Nick Castellanos","CIN","585","416","89.8","111.9","14.0","44","10.6%","195","46.9%",".309",".293",".576",".535",".391",".374","11737"
"Max Kepler","MIN","490","334","89.8","110.8","16.3","36","10.8%","142","42.5%",".211",".255",".413",".452",".309",".347","12144"
"Tyler Naquin","CIN","454","308","89.8","113.5","9.6","32","10.4%","128","41.6%",".270",".262",".477",".457",".345",".339","13359"
"Randal Grichuk","TOR","545","401","89.8","113.8","16.1","34","8.5%","165","41.1%",".241",".233",".423",".400",".300",".294","10243"
"Gavin Lux","LAD","381","254","89.8","109.7","11.3","10","3.9%","102","40.2%",".242",".260",".364",".387",".303",".323","19955"
"Adam Duvall","- - -","555","342","89.8","113.8","23.6","55","16.1%","150","43.9%",".228",".227",".491",".499",".324",".329","10950"
"Marcus Semien","TOR","724","509","89.7","109.5","20.3","50","9.8%","210","41.3%",".265",".244",".538",".453",".368",".331","12533"
"Jackie Bradley Jr.","MIL","428","258","89.7","108.4","9.6","13","5.0%","104","40.3%",".163",".198",".261",".294",".224",".257","12984"
"Lourdes Gurriel Jr.","TOR","541","405","89.7","110.7","10.5","39","9.6%","173","42.7%",".276",".270",".466",".459",".333",".336","19238"
"Matt Chapman","OAK","622","336","89.7","113.3","18.6","46","13.7%","140","41.7%",".210",".209",".403",".422",".311",".321","16505"
"Tim Anderson","CHW","551","409","89.7","110.2","4.3","32","7.8%","171","41.8%",".309",".280",".469",".442",".345",".325","15172"
"Yan Gomes","- - -","375","272","89.6","107.7","14.1","24","8.8%","103","37.9%",".252",".280",".421",".469",".308",".341","9627"
"Ozzie Albies","ATL","686","508","89.6","111.4","21.1","47","9.3%","187","36.8%",".259",".259",".488",".464",".336",".332","16556"
"Jared Walsh","LAA","585","381","89.6","114.8","7.8","43","11.3%","157","41.2%",".277",".255",".509",".433",".357",".325","18607"
"J.T. Realmuto","PHI","537","349","89.6","111.2","11.5","30","8.6%","156","44.7%",".263",".253",".439",".416",".336",".329","11739"
"Xander Bogaerts","BOS","603","423","89.6","113.6","12.5","41","9.7%","182","43.0%",".295",".279",".493",".467",".368",".358","12161"
"Andrew Benintendi","KCR","538","403","89.6","107.6","15.4","36","8.9%","172","42.7%",".276",".261",".442",".456",".328",".332","17901"
"Trea Turner","- - -","646","489","89.6","112.2","11.4","36","7.4%","225","46.0%",".328",".303",".536",".484",".386",".362","16252"
"Jesus Aguilar","MIA","510","368","89.6","110.6","19.0","31","8.4%","149","40.5%",".261",".260",".459",".453",".334",".330","11342"
"Michael Brantley","HOU","508","417","89.5","109.4","9.9","24","5.8%","179","42.9%",".311",".312",".437",".466",".347",".362","4106"
"Mike Yastrzemski","SFG","532","341","89.5","109.4","19.4","35","10.3%","134","39.3%",".224",".221",".457",".430",".326",".316","14854"
"Willy Adames","- - -","555","342","89.5","112.5","16.8","39","11.4%","153","44.7%",".262",".236",".481",".438",".349",".326","15986"
"Ian Happ","CHC","535","312","89.5","112.1","9.9","35","11.2%","128","41.0%",".226",".220",".434",".400",".328",".318","17919"
"Gary Sanchez","NYY","440","262","89.5","113.4","20.5","36","13.7%","110","42.0%",".204",".228",".423",".452",".314",".336","11442"
"George Springer","TOR","342","222","89.4","116.4","19.0","34","15.3%","92","41.4%",".264",".247",".555",".507",".381",".358","12856"
"Michael A. Taylor","KCR","528","346","89.4","111.5","12.1","23","6.6%","139","40.2%",".244",".246",".356",".390",".286",".299","11489"
"Cedric Mullins II","BAL","675","483","89.4","109.7","14.8","39","8.1%","189","39.1%",".291",".272",".518",".447",".372",".344","17929"
"Bryan Reynolds","PIT","646","444","89.4","112.7","13.4","46","10.4%","181","40.8%",".302",".293",".522",".522",".385",".385","19326"
"Jorge Polanco","MIN","644","476","89.4","110.0","19.3","48","10.1%","175","36.8%",".269",".267",".503",".487",".349",".347","13152"
"David Peralta","ARI","538","397","89.3","113.8","5.3","20","5.0%","165","41.6%",".259",".242",".402",".344",".314",".293","2136"
"Brandon Lowe","TBR","615","371","89.3","111.2","16.9","52","14.0%","160","43.1%",".247",".249",".523",".499",".363",".360","18882"
"Josh VanMeter","ARI","310","193","89.3","110.0","19.6","10","5.2%","71","36.8%",".212",".203",".354",".321",".287",".275","15170"
"Brandon Nimmo","NYM","386","248","89.3","111.5","8.8","9","3.6%","102","41.1%",".292",".271",".437",".389",".369",".349","12927"
"Cody Bellinger","LAD","350","224","89.3","107.4","22.2","16","7.1%","77","34.4%",".165",".208",".302",".357",".237",".281","15998"
"Mitch Haniger","SEA","691","459","89.3","110.0","14.8","58","12.6%","205","44.7%",".253",".262",".485",".498",".340",".353","14274"
"Dansby Swanson","ATL","653","429","89.3","109.6","14.1","49","11.4%","182","42.4%",".248",".251",".449",".456",".322",".331","18314"
"Austin Meadows","TBR","591","404","89.3","110.3","21.7","35","8.7%","152","37.6%",".234",".239",".458",".423",".327",".326","15672"
"Sean Murphy","OAK","448","282","89.2","112.8","15.4","32","11.3%","119","42.2%",".216",".240",".405",".439",".309",".335","19352"
"Brandon Belt","SFG","381","223","89.2","109.9","23.0","38","17.0%","100","44.8%",".274",".243",".597",".526",".406",".374","10264"
"Colin Moran","PIT","359","234","89.1","110.2","7.2","19","8.1%","87","37.2%",".258",".244",".390",".390",".318",".314","16909"
"Eugenio Suarez","CIN","574","339","89.1","111.9","18.3","51","15.0%","135","39.8%",".198",".215",".428",".455",".306",".326","12552"
"Rougned Odor","NYY","361","223","89.1","112.1","19.6","20","9.0%","83","37.2%",".202",".200",".379",".370",".289",".288","12282"
"Ryan Mountcastle","BAL","586","380","89.1","114.6","16.3","45","11.8%","151","39.7%",".255",".245",".487",".458",".335",".326","18373"
"Ben Gamel","- - -","400","241","89.0","108.5","16.7","19","7.9%","87","36.1%",".247",".230",".388",".373",".322",".316","12160"
"Kyle Seager","SEA","670","446","89.0","111.0","19.5","55","12.3%","179","40.1%",".212",".222",".438",".454",".308",".320","9785"
"Dominic Smith","NYM","493","340","89.0","109.5","14.9","22","6.5%","137","40.3%",".244",".262",".363",".419",".291",".324","15653"
"Nolan Arenado","STL","653","504","89.0","110.6","20.0","34","6.7%","187","37.1%",".255",".248",".494",".420",".336",".312","9777"
"Alex Bregman","HOU","400","299","89.0","107.5","15.9","19","6.4%","114","38.1%",".270",".262",".422",".421",".336",".335","17678"
"Odubel Herrera","PHI","492","380","88.9","113.0","7.3","18","4.7%","152","40.0%",".260",".252",".416",".377",".312",".300","11476"
"Gio Urshela","NYY","442","312","88.9","110.4","7.5","25","8.0%","128","41.0%",".267",".252",".419",".415",".309",".304","10681"
"Trey Mancini","BAL","616","414","88.9","113.9","9.7","43","10.4%","172","41.5%",".255",".266",".432",".451",".326",".340","15149"
"Seth Brown","OAK","307","194","88.9","113.7","20.9","27","13.9%","78","40.2%",".214",".225",".480",".462",".315",".318","18171"
"Austin Hays","BAL","529","385","88.8","110.3","12.5","35","9.1%","150","39.0%",".256",".245",".461",".432",".328",".316","19363"
"Andrew McCutchen","PHI","574","357","88.8","110.8","14.6","32","9.0%","141","39.5%",".222",".239",".444",".430",".335",".344","9847"
"Amed Rosario","CLE","588","434","88.8","111.5","5.6","12","2.8%","187","43.1%",".282",".265",".409",".365",".315",".298","15518"
"Brendan Rodgers","COL","415","305","88.8","111.8","6.3","19","6.2%","123","40.3%",".284",".251",".470",".412",".341",".309","17907"
"Trent Grisham","SDP","527","348","88.8","109.4","12.3","18","5.2%","127","36.5%",".242",".241",".413",".368",".320",".310","18564"
"C.J. Cron","COL","547","357","88.8","114.7","15.8","41","11.5%","150","42.0%",".281",".261",".530",".480",".383",".362","12546"
"Christian Walker","ARI","445","297","88.8","111.1","15.6","19","6.4%","122","41.1%",".244",".249",".382",".386",".304",".311","13419"
"Brandon Crawford","SFG","549","383","88.8","109.8","14.7","44","11.5%","165","43.1%",".298",".259",".522",".492",".377",".356","5343"
"Jeimer Candelario","DET","626","422","88.7","111.0","12.6","38","9.0%","165","39.1%",".271",".278",".443",".465",".344",".357","13621"
"Aledmys Diaz","HOU","319","232","88.7","110.0","13.6","15","6.5%","104","44.8%",".259",".267",".405",".411",".311",".318","15937"
"Harold Castro","DET","339","252","88.6","107.2","10.2","8","3.2%","97","38.5%",".283",".287",".359",".414",".291",".315","14691"
"Wilmer Flores","SFG","436","336","88.6","109.7","18.0","20","6.0%","119","35.4%",".262",".238",".447",".398",".337",".312","5827"
"Tom Murphy","SEA","325","184","88.6","109.4","15.9","16","8.7%","69","37.5%",".202",".193",".350",".347",".291",".290","13499"
"Jake Cronenworth","SDP","643","488","88.6","110.8","12.5","35","7.2%","169","34.6%",".266",".280",".460",".446",".341",".344","18036"
"Michael Conforto","NYM","479","304","88.5","111.3","13.2","28","9.2%","119","39.1%",".232",".253",".384",".435",".322",".350","16376"
"Ty France","SEA","650","471","88.5","111.1","11.0","32","6.8%","183","38.9%",".291",".269",".445",".435",".353",".345","17982"
"Buster Posey","SFG","454","310","88.5","109.2","8.7","25","8.1%","121","39.0%",".304",".281",".499",".469",".379",".361","9166"
"Eddie Rosario","- - -","412","324","88.5","108.4","15.5","19","5.9%","116","35.8%",".259",".254",".435",".425",".316",".318","12155"
"Luis Arraez","MIN","479","386","88.4","104.2","9.9","9","2.3%","118","30.6%",".294",".294",".376",".410",".321",".336","18568"
"Starlin Castro","WSN","346","258","88.4","111.2","9.2","14","5.4%","102","39.5%",".283",".271",".375",".410",".309",".323","4579"
"Tyler Stephenson","CIN","402","280","88.4","106.6","7.4","15","5.4%","107","38.2%",".286",".257",".431",".390",".346",".324","17988"
"Donovan Solano","SFG","344","254","88.3","108.1","11.0","19","7.5%","93","36.6%",".280",".275",".404",".432",".324",".335","8623"
"Kolten Wong","MIL","492","365","88.3","107.1","12.8","20","5.5%","127","34.8%",".272",".251",".447",".382",".337",".308","12532"
"Rafael Ortega","CHC","330","228","88.3","109.5","18.3","13","5.7%","79","34.6%",".291",".251",".463",".380",".355",".310","10323"
"Carson Kelly","ARI","359","235","88.3","109.2","18.9","20","8.5%","79","33.6%",".240",".251",".411",".425",".328",".343","13620"
"Wander Franco","TBR","308","245","88.2","109.6","9.7","12","4.9%","92","37.6%",".288",".281",".463",".414",".348",".334","23667"
"Pedro Severino","BAL","419","275","88.2","114.6","15.2","21","7.6%","105","38.2%",".248",".249",".383",".401",".299",".310","14523"
"Jason Heyward","CHC","353","255","88.2","115.3","7.5","12","4.7%","108","42.4%",".214",".231",".347",".364",".275",".292","4940"
"Dylan Carlson","STL","619","399","88.2","109.0","15.1","28","7.0%","122","30.6%",".266",".246",".437",".404",".336",".321","20126"
"Maikel Franco","BAL","403","313","88.2","113.9","9.1","16","5.1%","106","33.9%",".210",".224",".355",".344",".263",".269","12179"
"Josh Rojas","ARI","550","355","88.2","104.6","8.4","17","4.8%","109","30.7%",".264",".236",".411",".356",".327",".298","19734"
"Chris Taylor","LAD","582","344","88.2","110.7","17.4","35","10.2%","131","38.1%",".254",".237",".438",".422",".338",".329","13757"
"Kris Bryant","- - -","586","380","88.2","110.4","15.1","39","10.3%","151","39.7%",".265",".260",".481",".449",".356",".346","15429"
"Jonathan Schoop","DET","674","498","88.1","117.1","10.8","34","6.8%","200","40.2%",".278",".257",".435",".404",".324",".311","11265"
"Jeff McNeil","NYM","426","329","88.1","108.3","12.0","14","4.3%","110","33.4%",".251",".255",".360",".385",".301",".313","15362"
"Billy McKinney","- - -","300","188","88.1","109.5","17.6","12","6.4%","63","33.5%",".192",".213",".358",".359",".277",".292","15654"
"Jake Bauers","- - -","315","205","88.1","112.3","20.0","11","5.4%","75","36.6%",".209",".232",".277",".359",".257",".296","15194"
"Jacob Stallings","PIT","427","291","88.1","106.2","10.7","13","4.5%","104","35.7%",".246",".245",".369",".369",".312",".315","13723"
"Yadier Molina","STL","473","365","88.0","108.2","15.3","19","5.2%","114","31.2%",".252",".255",".370",".406",".290",".305","7007"
"Niko Goodrum","DET","325","185","88.0","109.2","13.4","19","10.3%","74","40.0%",".214",".215",".359",".381",".286",".305","12092"
"Martin Maldonado","HOU","426","247","88.0","108.2","17.6","14","5.7%","81","32.8%",".172",".183",".300",".312",".258",".268","6887"
"Wil Myers","SDP","500","305","88.0","107.8","10.6","23","7.5%","115","37.7%",".256",".218",".434",".370",".330",".296","10047"
"Jonathan Villar","NYM","505","324","88.0","114.9","7.0","23","7.1%","113","34.9%",".249",".235",".416",".388",".320",".307","10071"
"Ramon Laureano","OAK","378","244","87.9","112.1","11.9","26","10.7%","98","40.2%",".246",".244",".443",".456",".327",".333","17128"
"Manuel Margot","TBR","464","356","87.9","109.6","10.7","18","5.1%","143","40.2%",".254",".268",".382",".396",".301",".318","14712"
"Luis Urias","MIL","570","381","87.9","111.5","14.2","35","9.2%","151","39.6%",".249",".241",".445",".427",".340",".332","16622"
"Joey Wendle","TBR","501","350","87.9","108.7","6.3","15","4.3%","122","34.9%",".265",".237",".422",".354",".317",".284","13853"
"Marwin Gonzalez","- - -","307","200","87.9","110.3","8.9","9","4.5%","69","34.5%",".199",".217",".304",".333",".259",".280","5497"
"Elvis Andrus","OAK","541","423","87.8","109.8","8.1","9","2.1%","147","34.8%",".243",".272",".320",".373",".270",".307","8709"
"Asdrubal Cabrera","- - -","352","233","87.8","106.6","14.5","14","6.0%","72","30.9%",".230",".214",".366",".331",".297",".287","4962"
"D.J. Stewart","BAL","318","181","87.8","110.6","19.7","17","9.4%","62","34.3%",".204",".205",".374",".383",".310",".315","17766"
"Robbie Grossman","DET","671","410","87.8","110.9","21.1","31","7.6%","139","33.9%",".239",".234",".415",".399",".337",".335","5254"
"Corey Dickerson","- - -","365","269","87.8","109.8","10.1","8","3.0%","96","35.7%",".271",".250",".408",".377",".317",".300","10762"
"Daulton Varsho","ARI","315","218","87.7","110.9","18.0","16","7.3%","87","39.9%",".246",".248",".437",".430",".322",".324","19918"
"Jace Peterson","MIL","302","193","87.7","110.8","12.0","10","5.2%","67","34.7%",".247",".238",".367",".371",".318",".321","12325"
"Jose Altuve","HOU","678","517","87.7","109.1","15.6","33","6.4%","178","34.4%",".278",".261",".489",".420",".357",".332","5417"
"Phil Gosselin","LAA","373","265","87.6","110.0","11.5","9","3.4%","93","35.1%",".261",".239",".362",".353",".297",".287","10953"
"Jonathan India","CIN","631","396","87.6","110.2","13.1","38","9.6%","151","38.1%",".269",".259",".459",".442",".363",".355","21523"
"Charlie Blackmon","COL","582","426","87.6","109.8","10.2","30","7.0%","163","38.3%",".270",".292",".411",".457",".333",".357","7859"
"Tommy Edman","STL","691","552","87.6","112.9","9.5","24","4.3%","195","35.3%",".262",".275",".387",".406",".301",".318","19470"
"Starling Marte","- - -","526","371","87.6","112.9","4.6","31","8.4%","146","39.4%",".310",".277",".458",".438",".364",".347","9241"
"Jarred Kelenic","SEA","377","232","87.5","110.9","14.4","23","9.9%","91","39.2%",".181",".218",".350",".408",".270",".310","22558"
"Jose Trevino","TEX","302","233","87.5","110.2","9.5","10","4.3%","85","36.5%",".239",".248",".340",".374",".261",".285","16725"
"Matt Duffy","CHC","322","227","87.5","107.7","7.5","9","4.0%","79","34.8%",".287",".275",".381",".385",".327",".325","13836"
"Alex Dickerson","SFG","312","207","87.4","112.8","17.0","21","10.1%","79","38.2%",".233",".260",".420",".445",".313",".335","12649"
"Cesar Hernandez","- - -","637","438","87.4","110.2","10.7","30","6.8%","145","33.1%",".232",".241",".386",".384",".302",".310","10556"
"Mark Canha","OAK","625","393","87.3","107.7","13.5","28","7.1%","139","35.4%",".231",".231",".387",".378",".333",".332","11445"
"James McCann","NYM","412","263","87.3","112.5","9.3","16","6.1%","107","40.7%",".232",".224",".349",".343",".281",".284","12859"
"Kyle Farmer","CIN","529","392","87.3","107.6","15.9","17","4.3%","126","32.1%",".263",".251",".416",".382",".316",".301","14813"
"Nick Ahmed","ARI","473","333","87.2","109.5","10.1","8","2.4%","92","27.6%",".221",".208",".339",".290",".269",".250","12147"
"Jean Segura","PHI","567","441","87.2","113.1","5.8","26","5.9%","165","37.4%",".290",".265",".436",".394",".338",".318","5933"
"Pavin Smith","ARI","545","393","87.2","110.8","9.0","20","5.1%","168","42.7%",".267",".258",".404",".403",".318",".316","19892"
"Josh Harrison","- - -","558","434","87.2","108.2","14.5","19","4.4%","140","32.3%",".279",".278",".400",".420",".325",".332","8202"
"Gleyber Torres","NYY","516","361","87.1","111.6","14.2","28","7.8%","129","35.7%",".259",".264",".366",".422",".307",".331","16997"
"Elias Diaz","COL","371","279","87.1","109.5","14.7","22","7.9%","103","36.9%",".246",".249",".464",".426",".330",".317","11680"
"Austin Slater","SFG","306","190","87.1","109.9","7.8","18","9.5%","79","41.6%",".241",".256",".423",".439",".321",".335","16153"
"Myles Straw","- - -","638","448","87.1","109.8","11.9","6","1.3%","116","25.9%",".271",".260",".348",".337",".311",".306","17620"
"Tucker Barnhart","CIN","388","251","87.1","106.7","15.5","10","4.0%","77","30.7%",".247",".203",".368",".313",".300",".264","10200"
"Garrett Hampson","COL","494","340","87.0","107.0","13.0","17","5.0%","106","31.2%",".234",".235",".380",".372",".288",".290","19262"
"Eduardo Escobar","- - -","599","426","87.0","110.8","20.8","38","8.9%","145","34.0%",".253",".249",".472",".454",".334",".326","6153"
"Nick Solak","TEX","511","355","86.9","110.6","7.0","23","6.5%","118","33.2%",".242",".237",".362",".360",".299",".298","19294"
"Whit Merrifield","KCR","720","573","86.9","107.8","14.1","20","3.5%","164","28.6%",".277",".263",".395",".383",".306",".301","11281"
"Freddy Galvis","- - -","394","285","86.8","109.3","14.1","14","4.9%","90","31.6%",".242",".222",".407",".350",".305",".280","6609"
"Nicky Lopez","KCR","565","438","86.8","107.9","2.8","3","0.7%","116","26.5%",".300",".239",".378",".304",".329",".283","19339"
"Abraham Toro","- - -","375","283","86.8","109.0","13.7","21","7.4%","95","33.6%",".239",".246",".373",".413",".303",".321","19844"
"Edmundo Sosa","STL","326","229","86.7","114.6","6.0","9","3.9%","72","31.4%",".271",".265",".389",".392",".322",".323","17022"
"Tony Kemp","OAK","397","288","86.7","100.6","18.4","3","1.0%","61","21.2%",".279",".249",".418",".347",".351",".320","14894"
"Brett Gardner","NYY","461","298","86.7","108.6","12.5","10","3.4%","98","32.9%",".222",".216",".362",".318",".305",".294","9927"
"Kevin Kiermaier","TBR","390","253","86.6","107.9","1.1","10","4.0%","92","36.4%",".259",".232",".388",".319",".310",".283","11038"
"Guillermo Heredia","ATL","347","225","86.6","109.7","12.7","9","4.0%","78","34.7%",".220",".220",".354",".336",".292",".289","18721"
"Dylan Moore","SEA","377","222","86.5","110.3","20.4","19","8.6%","74","33.3%",".181",".204",".334",".348",".271",".289","18042"
"Paul DeJong","STL","402","255","86.3","109.5","16.4","27","10.6%","90","35.3%",".197",".211",".390",".416",".293",".312","18015"
"Christian Vazquez","BOS","498","379","86.3","109.7","13.6","10","2.6%","117","30.9%",".258",".234",".352",".335",".289",".275","9774"
"J.P. Crawford","SEA","687","510","86.3","110.5","9.8","12","2.4%","155","30.4%",".273",".256",".376",".338",".314",".297","15491"
"Harrison Bader","STL","401","284","86.2","111.5","13.3","20","7.0%","90","31.7%",".267",".232",".460",".394",".331",".294","18030"
"Miguel Rojas","MIA","539","423","86.2","109.4","11.5","12","2.8%","139","32.9%",".265",".248",".392",".344",".311",".291","7802"
"Didi Gregorius","PHI","408","308","86.1","107.6","18.3","7","2.3%","81","26.3%",".209",".223",".370",".327",".275",".273","6012"
"Leury Garcia","CHW","474","332","86.1","109.6","4.3","11","3.3%","107","32.2%",".267",".239",".376",".335",".312",".291","5913"
"Akil Baddoo","DET","461","294","86.0","111.8","13.8","26","8.8%","95","32.3%",".259",".227",".436",".403",".329",".309","22168"
"Kevin Pillar","NYM","347","245","85.8","110.5","20.2","18","7.3%","78","31.8%",".231",".224",".415",".372",".297",".281","12434"
"Raimel Tapia","COL","533","422","85.7","109.9","-4.4","9","2.1%","133","31.5%",".273",".249",".372",".317",".305",".279","14350"
"Austin Hedges","CLE","312","209","85.7","110.0","18.9","8","3.8%","62","29.7%",".178",".193",".308",".288",".227",".230","12976"
"Willi Castro","DET","450","310","85.6","115.4","11.4","16","5.2%","91","29.4%",".220",".244",".351",".364",".271",".290","17338"
"Isiah Kiner-Falefa","TEX","677","548","85.5","107.9","5.4","10","1.8%","157","28.6%",".271",".267",".357",".349",".293",".291","16512"
"Adam Frazier","- - -","639","512","85.4","108.7","12.6","5","1.0%","128","25.0%",".305",".287",".411",".374",".341",".323","15223"
"Jose Iglesias","- - -","511","409","85.4","110.2","11.3","14","3.4%","116","28.4%",".271",".269",".391",".364",".304",".296","10231"
"Kevin Newman","PIT","554","485","85.3","109.4","9.9","8","1.6%","126","26.0%",".226",".255",".309",".330",".249",".275","17696"
"Jurickson Profar","SDP","412","292","85.3","107.6","14.0","8","2.7%","86","29.5%",".227",".238",".320",".323",".293",".302","10815"
"Yonathan Daza","COL","331","248","85.2","106.5","6.6","5","2.0%","67","27.0%",".282",".259",".355",".334",".304",".292","15794"
"Omar Narvaez","MIL","445","313","84.6","107.9","17.9","16","5.1%","80","25.6%",".266",".235",".402",".369",".322",".304","13338"
"Victor Robles","WSN","369","235","84.1","108.3","19.9","6","2.6%","64","27.2%",".203",".216",".295",".314",".274",".288","18363"
"Andrelton Simmons","MIN","451","354","84.1","108.2","3.9","2","0.6%","76","21.5%",".223",".230",".274",".281",".252",".261","10847"
"David Fletcher","LAA","665","573","82.3","107.9","8.4","0","0.0%","89","15.5%",".262",".271",".324",".319",".273",".280","17992"
"Ronald Torreyes","PHI","344","283","82.2","106.9","12.2","1","0.4%","39","13.8%",".242",".233",".346",".299",".274",".257","11400"
"Alcides Escobar","WSN","349","267","81.7","105.7","11.1","8","3.0%","56","21.0%",".288",".271",".404",".362",".325",".308","6310"
